# Criterion11 compiler implementation matrix. The workflow column is the generated entry/factory or Runner path; execution_tier is independent.
# execution_tier names the target program being measured (the generated compiler program) for BOTH implementation rows.
# It never claims that rustc itself has a JIT or Source interpreter; the Rust-reference row runs the equivalent target program under the same tier contract.
# Diagnostic bytes/count and semantic equivalence are receipt correctness facts; only compile/resource/artifact/runtime costs are ratio-gated.
# Selfcompile rows require the private adapter to execute the canonical `valid-hello` and `invalid-missing-return` probes through the stage2 compiler; their frozen bytes are the valid-output and invalid-diagnostic fixtures in this contract, never sources.list itself.
# Web rows use the canonical web_hello fixture and its frozen Node/browser stdout; they require actual Web AOT bundle+Wasm/browser execution and do not imply Web JIT or compiler-in-browser support.
version	cell_id	case	workflow	execution_tier	input	expected	source_entry	source_manifest	outcome	target	profile	optimization	artifact_kind	metrics
1	valid-factory-aot	valid	factory	aot	examples/features/basics/hello.jet	examples/features/expected/basics/hello.out	Compiler/Bootstrap/Host/Entry.jet	Compiler/Bootstrap/sources.list	accepted	x86_64-unknown-linux-gnu	release	opt-level=3;debug=0;lto=thin	native-executable	compile_ns,peak_rss_bytes,generated_source_bytes,artifact_bytes,run_ns
1	valid-factory-cranelift-jit	valid	factory	cranelift-jit	examples/features/basics/hello.jet	examples/features/expected/basics/hello.out	Compiler/Bootstrap/Host/Entry.jet	Compiler/Bootstrap/sources.list	accepted	x86_64-unknown-linux-gnu	dev	opt-level=0;debug=1;lto=off	cranelift-jit-code	compile_ns,peak_rss_bytes,generated_source_bytes,run_ns
1	valid-factory-source-interpreter-deopt	valid	factory	source-interpreter-deopt	examples/features/basics/hello.jet	examples/features/expected/basics/hello.out	Compiler/Bootstrap/Host/Entry.jet	Compiler/Bootstrap/sources.list	accepted	x86_64-unknown-linux-gnu	dev	opt-level=0;debug=1;lto=off	source-interpreter-state	compile_ns,peak_rss_bytes,generated_source_bytes,run_ns
1	valid-runner-aot	valid	runner	aot	examples/features/basics/hello.jet	examples/features/expected/basics/hello.out	Compiler/Bootstrap/Host/Entry.jet	Compiler/Bootstrap/sources.list	accepted	x86_64-unknown-linux-gnu	release	opt-level=3;debug=0;lto=thin	native-executable	compile_ns,peak_rss_bytes,generated_source_bytes,artifact_bytes,run_ns
1	valid-runner-cranelift-jit	valid	runner	cranelift-jit	examples/features/basics/hello.jet	examples/features/expected/basics/hello.out	Compiler/Bootstrap/Host/Entry.jet	Compiler/Bootstrap/sources.list	accepted	x86_64-unknown-linux-gnu	dev	opt-level=0;debug=1;lto=off	cranelift-jit-code	compile_ns,peak_rss_bytes,generated_source_bytes,run_ns
1	valid-runner-source-interpreter-deopt	valid	runner	source-interpreter-deopt	examples/features/basics/hello.jet	examples/features/expected/basics/hello.out	Compiler/Bootstrap/Host/Entry.jet	Compiler/Bootstrap/sources.list	accepted	x86_64-unknown-linux-gnu	dev	opt-level=0;debug=1;lto=off	source-interpreter-state	compile_ns,peak_rss_bytes,generated_source_bytes,run_ns
1	invalid-factory-aot	invalid	factory	aot	tests/ui/missing_return.jet	tests/ui/missing_return.stderr	Compiler/Bootstrap/Host/Entry.jet	Compiler/Bootstrap/sources.list	rejected	x86_64-unknown-linux-gnu	release	opt-level=3;debug=0;lto=thin	native-diagnostics	compile_ns,peak_rss_bytes
1	invalid-factory-cranelift-jit	invalid	factory	cranelift-jit	tests/ui/missing_return.jet	tests/ui/missing_return.stderr	Compiler/Bootstrap/Host/Entry.jet	Compiler/Bootstrap/sources.list	rejected	x86_64-unknown-linux-gnu	dev	opt-level=0;debug=1;lto=off	cranelift-jit-diagnostics	compile_ns,peak_rss_bytes
1	invalid-factory-source-interpreter-deopt	invalid	factory	source-interpreter-deopt	tests/ui/missing_return.jet	tests/ui/missing_return.stderr	Compiler/Bootstrap/Host/Entry.jet	Compiler/Bootstrap/sources.list	rejected	x86_64-unknown-linux-gnu	dev	opt-level=0;debug=1;lto=off	source-interpreter-diagnostics	compile_ns,peak_rss_bytes
1	invalid-runner-aot	invalid	runner	aot	tests/ui/missing_return.jet	tests/ui/missing_return.stderr	Compiler/Bootstrap/Host/Entry.jet	Compiler/Bootstrap/sources.list	rejected	x86_64-unknown-linux-gnu	release	opt-level=3;debug=0;lto=thin	native-diagnostics	compile_ns,peak_rss_bytes
1	invalid-runner-cranelift-jit	invalid	runner	cranelift-jit	tests/ui/missing_return.jet	tests/ui/missing_return.stderr	Compiler/Bootstrap/Host/Entry.jet	Compiler/Bootstrap/sources.list	rejected	x86_64-unknown-linux-gnu	dev	opt-level=0;debug=1;lto=off	cranelift-jit-diagnostics	compile_ns,peak_rss_bytes
1	invalid-runner-source-interpreter-deopt	invalid	runner	source-interpreter-deopt	tests/ui/missing_return.jet	tests/ui/missing_return.stderr	Compiler/Bootstrap/Host/Entry.jet	Compiler/Bootstrap/sources.list	rejected	x86_64-unknown-linux-gnu	dev	opt-level=0;debug=1;lto=off	source-interpreter-diagnostics	compile_ns,peak_rss_bytes
1	selfcompile-factory-aot	selfcompile	factory	aot	Compiler/Bootstrap/sources.list	canonical-stage2-probes	Compiler/Bootstrap/Host/Entry.jet	Compiler/Bootstrap/sources.list	accepted	x86_64-unknown-linux-gnu	release	opt-level=3;debug=0;lto=thin	native-executable	compile_ns,peak_rss_bytes,generated_source_bytes,artifact_bytes,run_ns
1	selfcompile-factory-cranelift-jit	selfcompile	factory	cranelift-jit	Compiler/Bootstrap/sources.list	canonical-stage2-probes	Compiler/Bootstrap/Host/Entry.jet	Compiler/Bootstrap/sources.list	accepted	x86_64-unknown-linux-gnu	dev	opt-level=0;debug=1;lto=off	cranelift-jit-code	compile_ns,peak_rss_bytes,generated_source_bytes,run_ns
1	selfcompile-factory-source-interpreter-deopt	selfcompile	factory	source-interpreter-deopt	Compiler/Bootstrap/sources.list	canonical-stage2-probes	Compiler/Bootstrap/Host/Entry.jet	Compiler/Bootstrap/sources.list	accepted	x86_64-unknown-linux-gnu	dev	opt-level=0;debug=1;lto=off	source-interpreter-state	compile_ns,peak_rss_bytes,generated_source_bytes,run_ns
1	selfcompile-runner-aot	selfcompile	runner	aot	Compiler/Bootstrap/sources.list	canonical-stage2-probes	Compiler/Bootstrap/Host/Entry.jet	Compiler/Bootstrap/sources.list	accepted	x86_64-unknown-linux-gnu	release	opt-level=3;debug=0;lto=thin	native-executable	compile_ns,peak_rss_bytes,generated_source_bytes,artifact_bytes,run_ns
1	selfcompile-runner-cranelift-jit	selfcompile	runner	cranelift-jit	Compiler/Bootstrap/sources.list	canonical-stage2-probes	Compiler/Bootstrap/Host/Entry.jet	Compiler/Bootstrap/sources.list	accepted	x86_64-unknown-linux-gnu	dev	opt-level=0;debug=1;lto=off	cranelift-jit-code	compile_ns,peak_rss_bytes,generated_source_bytes,run_ns
1	selfcompile-runner-source-interpreter-deopt	selfcompile	runner	source-interpreter-deopt	Compiler/Bootstrap/sources.list	canonical-stage2-probes	Compiler/Bootstrap/Host/Entry.jet	Compiler/Bootstrap/sources.list	accepted	x86_64-unknown-linux-gnu	dev	opt-level=0;debug=1;lto=off	source-interpreter-state	compile_ns,peak_rss_bytes,generated_source_bytes,run_ns
1	valid-web-factory-aot	valid	factory	aot	examples/features/web/web_hello.jet	examples/features/expected/web/web_hello.web.out	Compiler/Bootstrap/Host/Entry.jet	Compiler/Bootstrap/sources.list	accepted	web	release	opt-level=3;debug=0;lto=thin	web-bundle-browser-runtime	compile_ns,peak_rss_bytes,generated_source_bytes,artifact_bytes,run_ns
1	valid-web-runner-aot	valid	runner	aot	examples/features/web/web_hello.jet	examples/features/expected/web/web_hello.web.out	Compiler/Bootstrap/Host/Entry.jet	Compiler/Bootstrap/sources.list	accepted	web	release	opt-level=3;debug=0;lto=thin	web-bundle-browser-runtime	compile_ns,peak_rss_bytes,generated_source_bytes,artifact_bytes,run_ns
